insert into sellers (id, first_name, last_name, personal_number)
values
    (1, 'John', 'Harrison', '123123'),
    (2, 'Alice', 'Smith', '456456'),
    (3, 'Michael', 'Johnson', '789789'),
    (4, 'Emily', 'Williams', '101010'),
    (5, 'Daniel', 'Brown', '111222'),
    (6, 'Sophia', 'Davis', '333444'),
    (7, 'Matthew', 'Miller', '555666'),
    (8, 'Olivia', 'Wilson', '777888'),
    (9, 'James', 'Taylor', '999000'),
    (10, 'Emma', 'Anderson', '121212'),
    (11, 'David', 'Thomas', '131313'),
    (12, 'Isabella', 'Jackson', '141414'),
    (13, 'William', 'White', '151515'),
    (14, 'Ava', 'Harris', '161616'),
    (15, 'Joseph', 'Martin', '171717'),
    (16, 'Mia', 'Thompson', '181818'),
    (17, 'Charles', 'Garcia', '191919'),
    (18, 'Evelyn', 'Martinez', '202020'),
    (19, 'Andrew', 'Robinson', '212121'),
    (20, 'Charlotte', 'Clark', '222222');

insert into sales (id, discounted, number, sale_date, seller_id)
values
    (1, true, 1000123, '2022-02-02 12:43:00', 1),
    (2, true, 1000124, '2023-12-02 12:10:00', 1),
    (3, true, 3320987, '2022-09-15 08:23:00', 12),
    (4, false, 8756321, '2021-11-30 17:50:00', 5),
    (5, true, 5213445, '2023-05-22 10:15:00', 18),
    (6, false, 3457893, '2020-08-04 14:32:00', 10),
    (7, true, 2045678, '2023-07-11 19:27:00', 2),
    (8, false, 6600123, '2021-04-28 11:55:00', 8),
    (9, true, 1234567, '2020-10-03 16:48:00', 16),
    (10, false, 4312897, '2022-03-17 13:20:00', 13),
    (11, true, 7643289, '2024-01-01 12:00:00', 3),
    (12, false, 5123901, '2020-12-09 09:41:00', 7),
    (13, true, 6781234, '2022-06-05 20:13:00', 1),
    (14, false, 8997654, '2023-08-18 18:02:00', 19),
    (15, true, 2239876, '2021-02-14 15:28:00', 11),
    (16, false, 7777777, '2020-07-27 07:39:00', 17),
    (17, true, 4567890, '2023-01-29 09:05:00', 4),
    (18, false, 3456789, '2022-11-10 12:24:00', 6),
    (19, true, 8881234, '2020-05-01 22:45:00', 15),
    (20, false, 3333333, '2022-04-07 07:17:00', 14),
    (21, true, 9876543, '2021-09-23 10:50:00', 9),
    (22, false, 3456780, '2020-02-18 14:08:00', 12);

insert into devices (id, brand, device_type, model, price, storage, sale_id)
values (1, 'HTC', 'SMART_PHONE', 'Ultra23+', 999.00, 128, 1),
       (2, 'Samsung', 'SMART_PHONE', 'S23', 1899.00, 256, 2),
       (3, 'iPhone', 'SMART_PHONE', '15', 999.00, 128, 1),
       (4, 'Samsung', 'SMART_PHONE', 'Galaxy S21', 899.99, 256, 2),
       (5, 'Google', 'SMART_PHONE', 'Pixel 6', 799.00, 128, 3),
       (6, 'OnePlus', 'SMART_PHONE', '9 Pro', 899.00, 256, 4),
       (7, 'Apple', 'LAPTOP', 'iPhone 13', 1099.00, 256, 5),
       (8, 'Xiaomi', 'SMART_PHONE', 'Redmi Note 10', 299.99, 64, 6),
       (9, 'Motorola', 'SMART_PHONE', 'Moto G Power', 249.99, 128, 7),
       (10, 'LG', 'SMART_PHONE', 'Wing', 799.00, 256, 8),
       (11, 'Sony', 'SMART_PHONE', 'Xperia 1 III', 1299.00, 256, 9),
       (12, 'Asus', 'SMART_PHONE', 'ROG Phone 5', 999.00, 256, 10),
       (13, 'Oppo', 'SMART_PHONE', 'Find X3 Pro', 1199.00, 256, 11),
       (14, 'Vivo', 'SMART_PHONE', 'X60 Pro', 899.00, 256, 12),
       (15, 'Realme', 'SMART_PHONE', 'X7 Pro', 499.00, 128, 13),
       (16, 'Nokia', 'SMART_PHONE', '8.3', 699.00, 128, 14),
       (17, 'HTC', 'SMART_PHONE', 'U12+', 799.00, 128, 20),
       (18, 'Apple', 'SMART_WATCH', 'Watch Series 7', 399.00, 32, 1),
       (19, 'Samsung', 'SMART_WATCH', 'Galaxy Watch 4', 349.99, 16, 2),
       (20, 'Fitbit', 'SMART_WATCH', 'Versa 3', 229.95, 4, 3),
       (21, 'Garmin', 'SMART_WATCH', 'Forerunner 945', 599.99, 16, 4),
       (22, 'Xiaomi', 'SMART_WATCH', 'Mi Watch', 99.99, 8, 5),
       (23, 'Amazfit', 'SMART_WATCH', 'GTR 3 Pro', 199.99, 8, 6),
       (24, 'Fossil', 'SMART_WATCH', 'Gen 6', 299.00, 8, 7),
       (25, 'Huawei', 'SMART_WATCH', 'Watch GT 3', 229.99, 16, 8),
       (26, 'OnePlus', 'SMART_WATCH', 'Watch', 159.00, 4, 9),
       (27, 'Realme', 'SMART_WATCH', 'Watch 2 Pro', 149.99, 16, 10),
       (28, 'Apple', 'LAPTOP', 'MacBook Air', 999.00, 256, 1),
       (29, 'Dell', 'LAPTOP', 'XPS 13', 1299.99, 512, 2),
       (30, 'Lenovo', 'LAPTOP', 'ThinkPad X1 Carbon', 1499.00, 512, 3),
       (31, 'HP', 'LAPTOP', 'Spectre x360', 1299.00, 512, 4),
       (32, 'Acer', 'LAPTOP', 'Swift 3', 699.00, 256, 6),
       (33, 'Asus', 'LAPTOP', 'ZenBook 14', 999.00, 512, 7),
       (34, 'Razer', 'LAPTOP', 'Blade 15', 1799.00, 512, 8),
       (35, 'Alienware', 'LAPTOP', 'm15 R6', 2299.00, 1000, 9),
       (36, 'MSI', 'LAPTOP', 'GS66 Stealth', 1799.00, 1000, 10),
       (37, 'Samsung', 'LAPTOP', 'Galaxy Book Pro', 1099.00, 512, 11),
       (38, 'LG', 'LAPTOP', 'Gram 14', 1199.00, 512, 12),
       (39, 'Huawei', 'LAPTOP', 'MateBook X Pro', 1499.00, 512, 13),
       (40, 'Xiaomi', 'LAPTOP', 'Mi Notebook Pro', 899.00, 512, 17),
       (41, 'MSI', 'LAPTOP', 'Prestige 14', 1399.00, 512, 18),
       (42, 'Razer', 'LAPTOP', 'Blade Stealth 13', 1599.00, 512, 19),
       (43, 'Lenovo', 'LAPTOP', 'ThinkPad T14', 1399.00, 512, 20),
       (44, 'Apple', 'TABLET', 'iPad Air (4th generation)', 599.00, 64, 1),
       (45, 'Samsung', 'TABLET', 'Galaxy Tab S7+', 849.99, 128, 2),
       (46, 'Lenovo', 'TABLET', 'Tab P11 Pro', 499.99, 128, 3),
       (47, 'Amazon', 'TABLET', 'Fire HD 10', 149.99, 32, 4),
       (48, 'Microsoft', 'TABLET', 'Surface Pro 7', 899.99, 256, 5),
       (49, 'Huawei', 'TABLET', 'MatePad Pro', 549.99, 128, 6),
       (50, 'Xiaomi', 'TABLET', 'Mi Pad 5', 499.99, 128, 7),
       (51, 'Google', 'TABLET', 'Pixel Slate', 799.00, 128, 8),
       (52, 'Realme', 'TABLET', 'Pad', 199.00, 64, 9),
       (53, 'Asus', 'TABLET', 'ZenPad 3S 10', 299.99, 64, 10);